arquivo_json;experiment_name;timestamp;total_questions;successful_queries;failed_queries;config_use_rag;config_retrieval_method;config_k;config_dense_weight;config_bm25_weight;config_llm;latency_ms_mean;latency_ms_std;latency_ms_min;latency_ms_max;latency_ms_median;num_chunks_mean;num_chunks_std;num_chunks_min;num_chunks_max;num_chunks_median;tokens_used_mean;tokens_used_std;tokens_used_min;tokens_used_max;tokens_used_median;bertscore_precision_mean;bertscore_precision_std;bertscore_precision_min;bertscore_precision_max;bertscore_precision_median;bertscore_recall_mean;bertscore_recall_std;bertscore_recall_min;bertscore_recall_max;bertscore_recall_median;bertscore_f1_mean;bertscore_f1_std;bertscore_f1_min;bertscore_f1_max;bertscore_f1_median;answer_relevancy_mean;answer_relevancy_std;answer_relevancy_min;answer_relevancy_max;answer_relevancy_median;faithfulness_mean;faithfulness_std;faithfulness_min;faithfulness_max;faithfulness_median;context_precision_mean;context_precision_std;context_precision_min;context_precision_max;context_precision_median;context_recall_mean;context_recall_std;context_recall_min;context_recall_max;context_recall_median;config_use_few_shot
chunk_count_k10.json;chunk_count_k10;2026-02-16T12:32:01.579601;1;1;0;True;hybrid;10,0;0,7;0,3;gemini-2.5-flash;3606,6946983337402;0,0;3606,6946983337402;3606,6946983337402;3606,6946983337402;10,0;0,0;10,0;10,0;10,0;217,0;0,0;217,0;217,0;217,0;0,6090781688690186;0,0;0,6090781688690186;0,6090781688690186;0,6090781688690186;0,6396411061286926;0,0;0,6396411061286926;0,6396411061286926;0,6396411061286926;0,6239856481552124;0,0;0,6239856481552124;0,6239856481552124;0,6239856481552124;0,9020902564961016;0,0;0,9020902564961016;0,9020902564961016;0,9020902564961016;0,9;0,0;0,9;0,9;0,9;0,6111111110805556;0,0;0,6111111110805556;0,6111111110805556;0,6111111110805556;0,3333333333333333;0,0;0,3333333333333333;0,3333333333333333;0,3333333333333333;
chunk_count_k3.json;chunk_count_k3;2026-02-16T12:29:54.794296;1;1;0;True;hybrid;3,0;0,7;0,3;gemini-2.5-flash;2449,6495723724365;0,0;2449,6495723724365;2449,6495723724365;2449,6495723724365;3,0;0,0;3,0;3,0;3,0;156,0;0,0;156,0;156,0;156,0;0,627905011177063;0,0;0,627905011177063;0,627905011177063;0,627905011177063;0,6498352289199829;0,0;0,6498352289199829;0,6498352289199829;0,6498352289199829;0,638681948184967;0,0;0,638681948184967;0,638681948184967;0,638681948184967;0,8695657256270275;0,0;0,8695657256270275;0,8695657256270275;0,8695657256270275;1,0;0,0;1,0;1,0;1,0;0,9999999999;0,0;0,9999999999;0,9999999999;0,9999999999;0,3333333333333333;0,0;0,3333333333333333;0,3333333333333333;0,3333333333333333;
chunk_count_k5.json;chunk_count_k5;2026-02-16T12:30:46.927471;1;1;0;True;hybrid;5,0;0,7;0,3;gemini-2.5-flash;2731,71067237854;0,0;2731,71067237854;2731,71067237854;2731,71067237854;5,0;0,0;5,0;5,0;5,0;160,0;0,0;160,0;160,0;160,0;0,5802878141403198;0,0;0,5802878141403198;0,5802878141403198;0,5802878141403198;0,6024550199508667;0,0;0,6024550199508667;0,6024550199508667;0,6024550199508667;0,591163694858551;0,0;0,591163694858551;0,591163694858551;0,591163694858551;0,9020902564961016;0,0;0,9020902564961016;0,9020902564961016;0,9020902564961016;1,0;0,0;1,0;1,0;1,0;0,9999999999;0,0;0,9999999999;0,9999999999;0,9999999999;0,3333333333333333;0,0;0,3333333333333333;0,3333333333333333;0,3333333333333333;
model_comparison_groq_k10_bm25_few_shot.json;model_comparison_groq_k10_bm25_few_shot;2026-02-16T15:52:53.541181;1;1;0;True;bm25;10,0;;;groq:llama-3.1-8b-instant;756,6783428192139;0,0;756,6783428192139;756,6783428192139;756,6783428192139;10,0;0,0;10,0;10,0;10,0;3606,0;0,0;3606,0;3606,0;3606,0;0,6004005670547485;0,0;0,6004005670547485;0,6004005670547485;0,6004005670547485;0,6321005821228027;0,0;0,6321005821228027;0,6321005821228027;0,6321005821228027;0,6158429384231567;0,0;0,6158429384231567;0,6158429384231567;0,6158429384231567;0,8973625142032539;0,0;0,8973625142032539;0,8973625142032539;0,8973625142032539;1,0;0,0;1,0;1,0;1,0;0,6111111110805556;0,0;0,6111111110805556;0,6111111110805556;0,6111111110805556;0,3333333333333333;0,0;0,3333333333333333;0,3333333333333333;0,3333333333333333;True
model_comparison_groq_k10_bm25_few_shot_20260216_185201.json;model_comparison_groq_k10_bm25_few_shot;2026-02-16T18:52:01.481966;3;3;0;True;bm25;10,0;;;groq:llama-3.1-8b-instant;779,9067497253418;152,54389377579193;614,8958206176758;982,757568359375;742,0668601989746;10,0;0,0;10,0;10,0;10,0;3110,3333333333335;103,1579156223872;3004,0;3250,0;3077,0;0,5800883968671163;0,024746207019099267;0,5456580519676208;0,6027327179908752;0,5918744206428528;0,5908122460047404;0,08469311158082467;0,47108328342437744;0,6535256505012512;0,6478278040885925;0,5812744498252869;0,041861516499667725;0,5246157050132751;0,6244671940803528;0,5947404503822327;0,852056089591296;0,06581200486410879;0,7590738195875657;0,9020902564961016;0,8950041926902209;0,9722222222222222;0,039283710065919325;0,9166666666666666;1,0;1,0;0,4728042327857027;0,2581034163500435;0,11111111109999999;0,6961904761765524;0,6111111110805556;0,3333333333333333;0,0;0,3333333333333333;0,3333333333333333;0,3333333333333333;True
model_comparison_groq_k10_bm25_few_shot_20260217_012643.json;model_comparison_groq_k10_bm25_few_shot;2026-02-17T01:26:43.457183;29;29;0;True;bm25;10,0;;;groq:llama-3.1-8b-instant;983,9764874556969;273,0730358764211;563,6529922485352;1597,3026752471924;962,8713130950928;10,0;0,0;10,0;10,0;10,0;3391,5862068965516;273,8440932281673;2907,0;3828,0;3377,0;0,5966848946850876;0,05711744086195334;0,41857263445854187;0,6978105306625366;0,5965535044670105;0,5820306005149052;0,10188981090008364;0,3349515199661255;0,7854670286178589;0,6089022755622864;0,5824443821249337;0,06097813560323569;0,427348792552948;0,6626030206680298;0,6011112332344055;0,432479693855327;0,4192281131128625;0,0;0,9240527147731153;0,7406446482990342;0,6097935873717876;0,3460224499694903;0,0;1,0;0,6666666666666666;0,4774822112515213;0,36432027999271777;0,0;0,999999999975;0,49999999995;0,37972085385878485;0,38696437367707504;0,0;1,0;0,3333333333333333;True
model_comparison_groq_k10_dense_few_shot.json;model_comparison_groq_k10_dense_few_shot;2026-02-16T15:51:51.755640;1;1;0;True;dense;10,0;;;groq:llama-3.1-8b-instant;1036,7076396942139;0,0;1036,7076396942139;1036,7076396942139;1036,7076396942139;1,0;0,0;1,0;1,0;1,0;1330,0;0,0;1330,0;1330,0;1330,0;0,6024925708770752;0,0;0,6024925708770752;0,6024925708770752;0,6024925708770752;0,6286435127258301;0,0;0,6286435127258301;0,6286435127258301;0,6286435127258301;0,6152902841567993;0,0;0,6152902841567993;0,6152902841567993;0,6152902841567993;0,8973625142032539;0,0;0,8973625142032539;0,8973625142032539;0,8973625142032539;0,5;0,0;0,5;0,5;0,5;0,9999999999;0,0;0,9999999999;0,9999999999;0,9999999999;0,3333333333333333;0,0;0,3333333333333333;0,3333333333333333;0,3333333333333333;True
model_comparison_groq_k10_dense_few_shot_20260216_184811.json;model_comparison_groq_k10_dense_few_shot;2026-02-16T18:48:11.435834;3;3;0;True;dense;10,0;;;groq:llama-3.1-8b-instant;947,1306006113688;90,17710707104693;819,7662830352783;1016,4353847503662;1005,1901340484619;1,3333333333333333;0,4714045207910317;1,0;2,0;1,0;814,6666666666666;30,444849956747838;775,0;849,0;820,0;0,5815017422040304;0,0182715042788903;0,5604443550109863;0,6050000786781311;0,5790607929229736;0,5892276565233866;0,06562430793414631;0,5064935088157654;0,6670106649398804;0,5941787958145142;0,5838880737622579;0,03875710464515251;0,5403516292572021;0,6344938278198242;0,5768187642097473;0,844028228865476;0,018189300963948826;0,8285849340369871;0,8695657256270275;0,8339340269324135;0,9333333333333332;0,09428090415820632;0,8;1,0;1,0;0,83333333325;0,2357022603719456;0,49999999995;0,9999999999;0,9999999999;0,2222222222222222;0,15713484026367722;0,0;0,3333333333333333;0,3333333333333333;True
model_comparison_groq_k10_dense_few_shot_20260217_004141.json;model_comparison_groq_k10_dense_few_shot;2026-02-17T00:41:41.290187;29;29;0;True;dense;10,0;;;groq:llama-3.1-8b-instant;1187,9524691351528;306,4033885178592;838,2492065429688;2119,741439819336;1109,0810298919678;5,0344827586206895;3,200029726377981;0,0;10,0;5,0;2051,2758620689656;981,2736584998275;399,0;3805,0;1961,0;0,6138360037885863;0,06200202889255259;0,4366486966609955;0,7254464626312256;0,6130954027175903;0,598374388341246;0,11714652841125194;0,3032296895980835;0,8792278170585632;0,5998839139938354;0,6003859495294506;0,08098141031499816;0,39690035581588745;0,7949684262275696;0,617412805557251;0,44575538928276953;0,41573300409345515;0,0;0,8698571760814316;0,7663565098070046;0,5421167011768516;0,3895617125500815;0,0;1,0;0,5419580419580419;0,6380881518888682;0,37754197178005616;0,0;0,9999999999666667;0,736111111080324;0,3805272108843537;0,3806397811678952;0,0;1,0;0,3333333333333333;True
model_comparison_groq_k10_hybrid_50_50_few_shot.json;model_comparison_groq_k10_hybrid_50_50_few_shot;2026-02-16T15:55:06.495818;1;1;0;True;hybrid;10,0;0,5;0,5;groq:llama-3.1-8b-instant;1578,2463550567627;0,0;1578,2463550567627;1578,2463550567627;1578,2463550567627;10,0;0,0;10,0;10,0;10,0;3539,0;0,0;3539,0;3539,0;3539,0;0,6402145028114319;0,0;0,6402145028114319;0,6402145028114319;0,6402145028114319;0,6516046524047852;0,0;0,6516046524047852;0,6516046524047852;0,6516046524047852;0,6458593606948853;0,0;0,6458593606948853;0,6458593606948853;0,6458593606948853;0,8650010158762768;0,0;0,8650010158762768;0,8650010158762768;0,8650010158762768;1,0;0,0;1,0;1,0;1,0;0,6111111110805556;0,0;0,6111111110805556;0,6111111110805556;0,6111111110805556;0,3333333333333333;0,0;0,3333333333333333;0,3333333333333333;0,3333333333333333;True
model_comparison_groq_k10_hybrid_50_50_few_shot_20260217_013845.json;model_comparison_groq_k10_hybrid_50_50_few_shot;2026-02-17T01:38:45.518448;29;0;29;True;hybrid;10,0;0,5;0,5;groq:llama-3.1-8b-instant;;;;;;;;;;;;;;;;;;;;;;;;;;;;;;;;;;;;;;;;;;;;;;;;;;;True
model_comparison_groq_k10_hybrid_70_30_few_shot.json;model_comparison_groq_k10_hybrid_70_30_few_shot;2026-02-16T15:54:07.946029;1;1;0;True;hybrid;10,0;0,7;0,3;groq:llama-3.1-8b-instant;1179,6424388885498;0,0;1179,6424388885498;1179,6424388885498;1179,6424388885498;10,0;0,0;10,0;10,0;10,0;3661,0;0,0;3661,0;3661,0;3661,0;0,5548345446586609;0,0;0,5548345446586609;0,5548345446586609;0,5548345446586609;0,6060600876808167;0,0;0,6060600876808167;0,6060600876808167;0,6060600876808167;0,5793170928955078;0,0;0,5793170928955078;0,5793170928955078;0,5793170928955078;0,8650010158762768;0,0;0,8650010158762768;0,8650010158762768;0,8650010158762768;1,0;0,0;1,0;1,0;1,0;0,6111111110805556;0,0;0,6111111110805556;0,6111111110805556;0,6111111110805556;0,3333333333333333;0,0;0,3333333333333333;0,3333333333333333;0,3333333333333333;True
model_comparison_groq_k10_hybrid_70_30_few_shot_20260216_185646.json;model_comparison_groq_k10_hybrid_70_30_few_shot;2026-02-16T18:56:46.269346;3;3;0;True;hybrid;10,0;0,7;0,3;groq:llama-3.1-8b-instant;1490,0549252827961;499,24736783430217;1009,5994472503662;2178,3270835876465;1282,238245010376;10,0;0,0;10,0;10,0;10,0;3200,6666666666665;135,96404753545042;3020,0;3348,0;3234,0;0,5525997082392374;0,030778154679709145;0,5236215591430664;0,5952160358428955;0,5389615297317505;0,585385819276174;0,058825881292558814;0,5042561292648315;0,641894519329071;0,6100068092346191;0,5650060375531515;0,01358117728503451;0,5459734797477722;0,57675701379776;0,5722876191139221;0,8756214981833068;0,012287647990554072;0,8642894153295893;0,8926966308692016;0,8698784483511296;0,9733333333333333;0,03771236166328251;0,92;1,0;1,0;0,421693121674709;0,22137530728681146;0,11111111109999999;0,6111111110805556;0,5428571428435713;0,2222222222222222;0,15713484026367722;0,0;0,3333333333333333;0,3333333333333333;True
model_comparison_groq_k10_hybrid_70_30_few_shot_20260217_013825.json;model_comparison_groq_k10_hybrid_70_30_few_shot;2026-02-17T01:38:25.973597;29;8;21;True;hybrid;10,0;0,7;0,3;groq:llama-3.1-8b-instant;1211,4242017269135;242,0477364059005;991,2843704223633;1626,2547969818115;1131,4891576766968;10,0;0,0;10,0;10,0;10,0;3356,5;225,77311620297044;2979,0;3749,0;3341,0;0,6175367012619972;0,054629510792454684;0,5261468291282654;0,6730005741119385;0,6283906102180481;0,5801983624696732;0,09440281993571369;0,3999783992767334;0,7075483202934265;0,6035128533840179;0,5927697792649269;0,0605329049407288;0,48608821630477905;0,6672731041908264;0,5921643674373627;0,7399449309486289;0,28301115468677557;0,0;0,8926966308692016;0,8604309252003408;0,9188988095238095;0,11254319764628712;0,7142857142857143;1,0;1,0;0,47857142855347423;0,29913581753927376;0,0;0,8761904761729524;0,5769841269620635;0,40773809523809523;0,26175252610172633;0,0;1,0;0,3333333333333333;True
model_comparison_groq_k3_bm25_few_shot.json;model_comparison_groq_k3_bm25_few_shot;2026-02-16T15:45:58.115700;1;1;0;True;bm25;3,0;;;groq:llama-3.1-8b-instant;852,1249294281006;0,0;852,1249294281006;852,1249294281006;852,1249294281006;3,0;0,0;3,0;3,0;3,0;1856,0;0,0;1856,0;1856,0;1856,0;0,571191668510437;0,0;0,571191668510437;0,571191668510437;0,571191668510437;0,6088085770606995;0,0;0,6088085770606995;0,6088085770606995;0,6088085770606995;0,5894004702568054;0,0;0,5894004702568054;0,5894004702568054;0,5894004702568054;0,8757881819852691;0,0;0,8757881819852691;0,8757881819852691;0,8757881819852691;0,8333333333333334;0,0;0,8333333333333334;0,8333333333333334;0,8333333333333334;0,9999999999;0,0;0,9999999999;0,9999999999;0,9999999999;0,3333333333333333;0,0;0,3333333333333333;0,3333333333333333;0,3333333333333333;True
model_comparison_groq_k3_bm25_few_shot_20260216_182628.json;model_comparison_groq_k3_bm25_few_shot;2026-02-16T18:26:28.251077;3;3;0;True;bm25;3,0;;;groq:llama-3.1-8b-instant;620,0427214304606;179,53713158350428;490,4289245605469;873,9278316497803;495,7714080810547;3,0;0,0;3,0;3,0;3,0;1260,6666666666667;201,43871414292624;1057,0;1535,0;1190,0;0,580993135770162;0,05238308796016304;0,5102286338806152;0,6353561878204346;0,597394585609436;0,5987495581309;0,040254214756830387;0,5480667352676392;0,6465418338775635;0,6016401052474976;0,5882484912872314;0,038071288104606645;0,5521767139434814;0,640900194644928;0,5716685652732849;0,8737475693616902;0,021059244351834074;0,8516543116630365;0,9020902564961016;0,8674981399259326;0,9444444444444445;0,0785674201318386;0,8333333333333334;1,0;1,0;0,9999999999;0,0;0,9999999999;0,9999999999;0,9999999999;0,1111111111111111;0,15713484026367722;0,0;0,3333333333333333;0,0;True
model_comparison_groq_k3_bm25_few_shot_20260216_203309.json;model_comparison_groq_k3_bm25_few_shot;2026-02-16T20:33:09.185126;29;29;0;True;bm25;3,0;;;groq:llama-3.1-8b-instant;677,2170395686709;140,169283765349;427,0014762878418;949,383020401001;669,9559688568115;3,0;0,0;3,0;3,0;3,0;1442,655172413793;180,16702516277712;1057,0;1814,0;1434,0;0,58926139720555;0,051116179012119;0,42855483293533325;0,6899229884147644;0,5951976776123047;0,585328018870847;0,0805285127267467;0,3032296895980835;0,7287471890449524;0,5978624224662781;0,5832840820838665;0,05582858224316337;0,39690035581588745;0,7088038325309753;0,5920899510383606;0,4123611151048171;0,42725399679766807;0,0;0,8996134407999166;0,0;0,5986214146457552;0,3117242881791313;0,0;1,0;0,6;0,5114942528382184;0,44781511833437154;0,0;0,9999999999666667;0,49999999995;0,21948549534756434;0,3386344820070578;0,0;1,0;0,0;True
model_comparison_groq_k3_dense_few_shot.json;model_comparison_groq_k3_dense_few_shot;2026-02-16T15:45:06.487960;1;1;0;True;dense;3,0;;;groq:llama-3.1-8b-instant;1223,2518196105957;0,0;1223,2518196105957;1223,2518196105957;1223,2518196105957;1,0;0,0;1,0;1,0;1,0;1329,0;0,0;1329,0;1329,0;1329,0;0,6218476295471191;0,0;0,6218476295471191;0,6218476295471191;0,6218476295471191;0,6709794402122498;0,0;0,6709794402122498;0,6709794402122498;0,6709794402122498;0,6454799175262451;0,0;0,6454799175262451;0,6454799175262451;0,6454799175262451;0,8973625142032539;0,0;0,8973625142032539;0,8973625142032539;0,8973625142032539;0,6363636363636364;0,0;0,6363636363636364;0,6363636363636364;0,6363636363636364;0,9999999999;0,0;0,9999999999;0,9999999999;0,9999999999;0,3333333333333333;0,0;0,3333333333333333;0,3333333333333333;0,3333333333333333;True
model_comparison_groq_k3_dense_few_shot_20260216_182325.json;model_comparison_groq_k3_dense_few_shot;2026-02-16T18:23:25.041377;3;3;0;True;dense;3,0;;;groq:llama-3.1-8b-instant;1003,983736038208;105,63054149114659;860,6278896331787;1112,0421886444092;1039,2811298370361;1,3333333333333333;0,4714045207910317;1,0;2,0;1,0;818,6666666666666;21,483844059096022;795,0;847,0;814,0;0,572489062945048;0,024343986483071227;0,5387300848960876;0,5952160358428955;0,5835210680961609;0,5739148457845052;0,049862932083271014;0,5042561292648315;0,6182423830032349;0,5992460250854492;0,5712442000706991;0,02237897088400957;0,5459734797477722;0,6003801822662354;0,5673789381980896;0,8600615565222883;0,009946064733400822;0,8463295286102482;0,8695657256270275;0,8642894153295893;1,0;0,0;1,0;1,0;1,0;0,83333333325;0,2357022603719456;0,49999999995;0,9999999999;0,9999999999;0,1111111111111111;0,15713484026367722;0,0;0,3333333333333333;0,0;True
model_comparison_groq_k3_dense_few_shot_20260216_200123.json;model_comparison_groq_k3_dense_few_shot;2026-02-16T20:01:23.636499;29;29;0;True;dense;3,0;;;groq:llama-3.1-8b-instant;1035,092098959561;172,8588634622189;823,6846923828125;1394,852638244629;961,8377685546875;2,5172413793103448;0,814552538690877;0,0;3,0;3,0;1358,2758620689656;340,2512151592706;388,0;1860,0;1388,0;0,6054759015297068;0,05468554924743093;0,4619685709476471;0,708025336265564;0,6136555671691895;0,6052490102833715;0,07399953657128426;0,4710344672203064;0,7836463451385498;0,6071969270706177;0,60223323312299;0,04964718402328684;0,5092074275016785;0,7439190149307251;0,6078198552131653;0,3890357763998229;0,41873051293413094;0,0;0,9020902564961016;0,0;0,7474577895421491;0,25373078476872085;0,0;1,0;0,7840909090909092;0,6994047618578867;0,40723813627741445;0,0;0,9999999999666667;0,9999999999;0,2963293650793651;0,37103284684922855;0,0;1,0;0,1;True
model_comparison_groq_k3_hybrid_50_50_few_shot.json;model_comparison_groq_k3_hybrid_50_50_few_shot;2026-02-16T15:47:44.692959;1;1;0;True;hybrid;3,0;0,5;0,5;groq:llama-3.1-8b-instant;1060,3389739990234;0,0;1060,3389739990234;1060,3389739990234;1060,3389739990234;3,0;0,0;3,0;3,0;3,0;1804,0;0,0;1804,0;1804,0;1804,0;0,5855804681777954;0,0;0,5855804681777954;0,5855804681777954;0,5855804681777954;0,6022369861602783;0,0;0,6022369861602783;0,6022369861602783;0,6022369861602783;0,5937919616699219;0,0;0,5937919616699219;0,5937919616699219;0,5937919616699219;0,8973625142032539;0,0;0,8973625142032539;0,8973625142032539;0,8973625142032539;0,7777777777777778;0,0;0,7777777777777778;0,7777777777777778;0,7777777777777778;0,9999999999;0,0;0,9999999999;0,9999999999;0,9999999999;0,3333333333333333;0,0;0,3333333333333333;0,3333333333333333;0,3333333333333333;True
model_comparison_groq_k3_hybrid_50_50_few_shot_20260216_183326.json;model_comparison_groq_k3_hybrid_50_50_few_shot;2026-02-16T18:33:26.109498;3;3;0;True;hybrid;3,0;0,5;0,5;groq:llama-3.1-8b-instant;1091,1915302276611;164,2280880453035;937,4096393585205;1318,8128471374512;1017,3521041870117;3,0;0,0;3,0;3,0;3,0;1320,3333333333333;222,87265920749954;1057,0;1602,0;1302,0;0,5749487479527792;0,038421901265274075;0,5208714008331299;0,6065802574157715;0,597394585609436;0,611795167128245;0,045096939952757265;0,5480667352676392;0,6458079218864441;0,6415108442306519;0,5907263358434042;0,024681017574717346;0,5716685652732849;0,6255797147750854;0,574930727481842;0,8675465734633363;0,004001857280852236;0,862652577923232;0,8724550541775797;0,8675320882891969;0,8919753086419754;0,10484745525594462;0,75;1,0;0,9259259259259259;0,83333333325;0,2357022603719456;0,49999999995;0,9999999999;0,9999999999;0,2222222222222222;0,15713484026367722;0,0;0,3333333333333333;0,3333333333333333;True
model_comparison_groq_k3_hybrid_50_50_few_shot_20260216_214230.json;model_comparison_groq_k3_hybrid_50_50_few_shot;2026-02-16T21:42:30.310300;29;29;0;True;hybrid;3,0;0,5;0,5;groq:llama-3.1-8b-instant;1090,8080956031536;275,09071266362014;774,2674350738525;2033,0703258514404;1010,3332996368408;3,0;0,0;3,0;3,0;3,0;1480,2758620689656;194,98273956354475;1035,0;1858,0;1432,0;0,6067905960411861;0,051675525276604704;0,47304385900497437;0,6832585334777832;0,6053261160850525;0,5929113945056652;0,08604245949187758;0,41031157970428467;0,7236526012420654;0,6152427792549133;0,5953047398863167;0,05421892522114641;0,4911714792251587;0,6899343729019165;0,5992504954338074;0,4080590166554601;0,42299965711530335;0,0;0,8793177399457764;0,0;0,6413293353323337;0,2973283556095853;0,0;1,0;0,6666666666666666;0,643678160870977;0,4254232463542512;0,0;0,9999999999666667;0,9999999999;0,20229885057471264;0,31670369226770445;0,0;1,0;0,0;True
model_comparison_groq_k3_hybrid_70_30_few_shot.json;model_comparison_groq_k3_hybrid_70_30_few_shot;2026-02-16T15:46:44.161936;1;1;0;True;hybrid;3,0;0,7;0,3;groq:llama-3.1-8b-instant;1045,881748199463;0,0;1045,881748199463;1045,881748199463;1045,881748199463;3,0;0,0;3,0;3,0;3,0;1801,0;0,0;1801,0;1801,0;1801,0;0,5882161855697632;0,0;0,5882161855697632;0,5882161855697632;0,5882161855697632;0,6023144721984863;0,0;0,6023144721984863;0,6023144721984863;0,6023144721984863;0,5951818227767944;0,0;0,5951818227767944;0,5951818227767944;0,5951818227767944;0,8973625142032539;0,0;0,8973625142032539;0,8973625142032539;0,8973625142032539;1,0;0,0;1,0;1,0;1,0;0,9999999999;0,0;0,9999999999;0,9999999999;0,9999999999;0,3333333333333333;0,0;0,3333333333333333;0,3333333333333333;0,3333333333333333;True
model_comparison_groq_k3_hybrid_70_30_few_shot_20260216_182957.json;model_comparison_groq_k3_hybrid_70_30_few_shot;2026-02-16T18:29:57.325843;3;3;0;True;hybrid;3,0;0,7;0,3;groq:llama-3.1-8b-instant;1334,5175584157307;145,2673225894004;1176,013469696045;1526,95631980896;1300,5828857421875;3,0;0,0;3,0;3,0;3,0;1338,6666666666667;204,44124393630125;1057,0;1536,0;1423,0;0,5738235314687093;0,019575245622862232;0,5494646430015564;0,597394585609436;0,5746113657951355;0,617884119351705;0,04950122655232094;0,5480667352676392;0,6572320461273193;0,6483535766601562;0,5931546092033386;0,015811047959379543;0,5716685652732849;0,6092591881752014;0,5985360741615295;0,8801859373987577;0,015550887299450923;0,8675320882891969;0,9020902564961016;0,8709354674109747;0,8314814814814815;0,08244381218352614;0,75;0,9444444444444444;0,8;0,49999999995;0,4082482904230382;0,0;0,9999999999;0,49999999995;0,2222222222222222;0,15713484026367722;0,0;0,3333333333333333;0,3333333333333333;True
model_comparison_groq_k3_hybrid_70_30_few_shot_20260216_210728.json;model_comparison_groq_k3_hybrid_70_30_few_shot;2026-02-16T21:07:28.043284;29;29;0;True;hybrid;3,0;0,7;0,3;groq:llama-3.1-8b-instant;1098,9905801312677;250,43476539396454;767,1396732330322;1933,0775737762451;1095,7427024841309;3,0;0,0;3,0;3,0;3,0;1465,8620689655172;169,1010153394202;994,0;1824,0;1426,0;0,5973213674693272;0,06214203118120009;0,4963405430316925;0,750495970249176;0,6130954027175903;0,5806764061080998;0,11206179020275703;0,23329214751720428;0,7782504558563232;0,5972421169281006;0,5828704762047735;0,07952150155225593;0,3173990249633789;0,7624977231025696;0,5756534337997437;0,3142617219664984;0,4029596945965794;0,0;0,8931745305910117;0,0;0,6211739590137156;0,3262438174178035;0,0;1,0;0,6666666666666666;0,5804597700761495;0,44067757312232364;0,0;0,9999999999666667;0,5833333333041666;0,2568965517241379;0,35122983822582615;0,0;1,0;0,0;True
model_comparison_groq_k5_bm25_few_shot.json;model_comparison_groq_k5_bm25_few_shot;2026-02-16T15:49:20.061624;1;1;0;True;bm25;5,0;;;groq:llama-3.1-8b-instant;826,9281387329102;0,0;826,9281387329102;826,9281387329102;826,9281387329102;5,0;0,0;5,0;5,0;5,0;2459,0;0,0;2459,0;2459,0;2459,0;0,5718601942062378;0,0;0,5718601942062378;0,5718601942062378;0,5718601942062378;0,6126824617385864;0,0;0,6126824617385864;0,6126824617385864;0,6126824617385864;0,5915679335594177;0,0;0,5915679335594177;0,5915679335594177;0,5915679335594177;0,8973625142032539;0,0;0,8973625142032539;0,8973625142032539;0,8973625142032539;0,9;0,0;0,9;0,9;0,9;0,9999999999;0,0;0,9999999999;0,9999999999;0,9999999999;0,0;0,0;0,0;0,0;0,0;True
model_comparison_groq_k5_bm25_few_shot_20260216_183931.json;model_comparison_groq_k5_bm25_few_shot;2026-02-16T18:39:31.749966;3;3;0;True;bm25;5,0;;;groq:llama-3.1-8b-instant;712,7448717753092;145,61718746231875;510,0686550140381;845,6790447235107;782,4869155883789;5,0;0,0;5,0;5,0;5,0;1928,0;218,84393221349927;1623,0;2126,0;2035,0;0,5622895757357279;0,02948990012849165;0,5326743721961975;0,6025272011756897;0,5516671538352966;0,5808513164520264;0,058550854896856123;0,4991180896759033;0,6332098245620728;0,610226035118103;0,5680158933003744;0,015593318298209197;0,5459692478179932;0,5794709920883179;0,578607439994812;0,8877795287134657;0,006166508431459486;0,8808151117689414;0,8958072197585697;0,8867162546128861;0,8267973856209151;0,14416173202688087;0,6470588235294118;1,0;0,8333333333333334;0,7999999999472222;0,14142135620391835;0,699999999965;0,9999999999;0,6999999999766667;0,1111111111111111;0,15713484026367722;0,0;0,3333333333333333;0,0;True
model_comparison_groq_k5_bm25_few_shot_20260216_225332.json;model_comparison_groq_k5_bm25_few_shot;2026-02-16T22:53:32.132027;29;29;0;True;bm25;5,0;;;groq:llama-3.1-8b-instant;817,9142064061658;232,1401565963397;485,0423336029053;1449,6841430664062;850,8644104003906;5,0;0,0;5,0;5,0;5,0;2014,8620689655172;214,23218537580155;1587,0;2410,0;2013,0;0,5996197051015394;0,054447280731309035;0,4670843482017517;0,7201747298240662;0,6048712730407715;0,5831112440290123;0,10274970105677737;0,3032296895980835;0,740183413028717;0,6095183491706848;0,5855424424697613;0,06976882094322309;0,39690035581588745;0,7173132300376892;0,5887203812599182;0,40735761325490377;0,42266200101179835;0,0;0,903980269102132;0,0;0,6576837575316277;0,32876910135416426;0,0;1,0;0,7333333333333333;0,5072796934572908;0,43522307135007604;0,0;0,999999999975;0,6388888888675925;0,16995073891625614;0,2801855708249167;0,0;1,0;0,0;True
model_comparison_groq_k5_dense_few_shot.json;model_comparison_groq_k5_dense_few_shot;2026-02-16T15:48:25.936306;1;1;0;True;dense;5,0;;;groq:llama-3.1-8b-instant;960,5412483215332;0,0;960,5412483215332;960,5412483215332;960,5412483215332;1,0;0,0;1,0;1,0;1,0;1287,0;0,0;1287,0;1287,0;1287,0;0,558430552482605;0,0;0,558430552482605;0,558430552482605;0,558430552482605;0,5793861746788025;0,0;0,5793861746788025;0,5793861746788025;0,5793861746788025;0,5687154531478882;0,0;0,5687154531478882;0,5687154531478882;0,5687154531478882;0,8973625142032539;0,0;0,8973625142032539;0,8973625142032539;0,8973625142032539;1,0;0,0;1,0;1,0;1,0;0,9999999999;0,0;0,9999999999;0,9999999999;0,9999999999;0,3333333333333333;0,0;0,3333333333333333;0,3333333333333333;0,3333333333333333;True
model_comparison_groq_k5_dense_few_shot_20260216_183554.json;model_comparison_groq_k5_dense_few_shot;2026-02-16T18:35:54.429874;3;3;0;True;dense;5,0;;;groq:llama-3.1-8b-instant;966,939369837443;67,60754964992505;877,5374889373779;1040,9941673278809;982,2864532470703;1,3333333333333333;0,4714045207910317;1,0;2,0;1,0;829,0;17,682382946499793;804,0;842,0;841,0;0,5518826047579447;0,01824246736058633;0,5271657705307007;0,5706433653831482;0,5578386783599854;0,5477379262447357;0,05550092619475121;0,46948525309562683;0,5921480655670166;0,5815804600715637;0,5475548903147379;0,0245322636284024;0,5151452422142029;0,5744816064834595;0,5530378222465515;0,5289219907090024;0,37914171844582883;0,0;0,8695657256270275;0,7172002464999797;0,8583333333333334;0,1230401921686117;0,7;1,0;0,875;0,83333333325;0,2357022603719456;0,49999999995;0,9999999999;0,9999999999;0,1111111111111111;0,15713484026367722;0,0;0,3333333333333333;0,0;True
model_comparison_groq_k5_dense_few_shot_20260216_221609.json;model_comparison_groq_k5_dense_few_shot;2026-02-16T22:16:09.074117;29;29;0;True;dense;5,0;;;groq:llama-3.1-8b-instant;1147,5803441014782;246,8719093707187;819,5750713348389;1836,7667198181152;1069,9913501739502;3,689655172413793;1,6421904689366424;0,0;5,0;5,0;1682,655172413793;546,2046020502137;398,0;2389,0;1901,0;0,6167284959349139;0,06467335866290706;0,4536164700984955;0,7277852892875671;0,6248211860656738;0,5919432136519202;0,10577985016552316;0,3032296895980835;0,7381531000137329;0,6112412214279175;0,5993735810806011;0,07887675317216934;0,39690035581588745;0,7213630080223083;0,6195278167724609;0,4112736881388212;0,4123570906249559;0,0;0,8695657256270275;0,36996084439137955;0,5810199434024622;0,32969010968381635;0,0;1,0;0,513157894736842;0,6938492063054083;0,4004058216833306;0,0;0,9999999999666667;0,9333333333061805;0,3318452380952381;0,3941036996131257;0,0;1,0;0,14583333333333331;True
model_comparison_groq_k5_hybrid_50_50_few_shot.json;model_comparison_groq_k5_hybrid_50_50_few_shot;2026-02-16T15:51:08.047547;1;1;0;True;hybrid;5,0;0,5;0,5;groq:llama-3.1-8b-instant;1187,8924369812012;0,0;1187,8924369812012;1187,8924369812012;1187,8924369812012;5,0;0,0;5,0;5,0;5,0;2453,0;0,0;2453,0;2453,0;2453,0;0,572480320930481;0,0;0,572480320930481;0,572480320930481;0,572480320930481;0,6133943796157837;0,0;0,6133943796157837;0,6133943796157837;0,6133943796157837;0,5922315716743469;0,0;0,5922315716743469;0,5922315716743469;0,5922315716743469;0,8973625142032539;0,0;0,8973625142032539;0,8973625142032539;0,8973625142032539;0,8181818181818182;0,0;0,8181818181818182;0,8181818181818182;0,8181818181818182;0,9999999999;0,0;0,9999999999;0,9999999999;0,9999999999;0,3333333333333333;0,0;0,3333333333333333;0,3333333333333333;0,3333333333333333;True
model_comparison_groq_k5_hybrid_50_50_few_shot_20260216_184551.json;model_comparison_groq_k5_hybrid_50_50_few_shot;2026-02-16T18:45:51.957424;3;3;0;True;hybrid;5,0;0,5;0,5;groq:llama-3.1-8b-instant;1090,6115372975667;191,32712435244164;820,5342292785645;1239,8905754089355;1211,4098072052002;5,0;0,0;5,0;5,0;5,0;1867,6666666666667;198,46802149352817;1590,0;2042,0;1971,0;0,582642138004303;0,02951142008431663;0,5471968054771423;0,6194463968276978;0,5812832117080688;0,557904322942098;0,11178187609225401;0,3999783992767334;0,6429774165153503;0,6307571530342102;0,5607772469520569;0,05311178457598841;0,48608821630477905;0,605010449886322;0,5912330746650696;0,83079678877052;0,06443058686781836;0,7406446482990342;0,8873356013703023;0,8644101166422237;0,9185606060606061;0,07542540815052982;0,8181818181818182;1,0;0,9375;0,5777777777318519;0,32810717908188164;0,19999999998;0,9999999999;0,5333333333155555;0,2222222222222222;0,15713484026367722;0,0;0,3333333333333333;0,3333333333333333;True
model_comparison_groq_k5_hybrid_50_50_few_shot_20260217_000629.json;model_comparison_groq_k5_hybrid_50_50_few_shot;2026-02-17T00:06:29.065359;29;29;0;True;hybrid;5,0;0,5;0,5;groq:llama-3.1-8b-instant;1190,6425377418254;312,17161015975455;836,071252822876;2139,8558616638184;1161,0288619995117;5,0;0,0;5,0;5,0;5,0;2068,793103448276;213,794677413561;1627,0;2447,0;1992,0;0,605209057701045;0,06473314424944202;0,457904189825058;0,8035449385643005;0,6010116934776306;0,5791457038501213;0,10551604936519994;0,359300822019577;0,8144470453262329;0,6135033369064331;0,5867598077346539;0,07571518569331935;0,44221705198287964;0,8089593052864075;0,6026344299316406;0,38276594605890046;0,4249374113622414;0,0;0,8975254578274043;0,0;0,4833874844454307;0,36139544850191085;0,0;1,0;0,5;0,6100574712271933;0,39257585416720936;0,0;0,9999999999666667;0,699999999965;0,33039135194307606;0,3909591787822982;0,0;1,0;0,125;True
model_comparison_groq_k5_hybrid_70_30_few_shot.json;model_comparison_groq_k5_hybrid_70_30_few_shot;2026-02-16T15:50:13.243157;1;1;0;True;hybrid;5,0;0,7;0,3;groq:llama-3.1-8b-instant;1086,9364738464355;0,0;1086,9364738464355;1086,9364738464355;1086,9364738464355;5,0;0,0;5,0;5,0;5,0;2453,0;0,0;2453,0;2453,0;2453,0;0,5712364315986633;0,0;0,5712364315986633;0,5712364315986633;0,5712364315986633;0,6135216951370239;0,0;0,6135216951370239;0,6135216951370239;0,6135216951370239;0,5916244387626648;0,0;0,5916244387626648;0,5916244387626648;0,5916244387626648;0,8973625142032539;0,0;0,8973625142032539;0,8973625142032539;0,8973625142032539;0,9090909090909091;0,0;0,9090909090909091;0,9090909090909091;0,9090909090909091;0,9999999999;0,0;0,9999999999;0,9999999999;0,9999999999;0,0;0,0;0,0;0,0;0,0;True
model_comparison_groq_k5_hybrid_70_30_few_shot_20260216_184235.json;model_comparison_groq_k5_hybrid_70_30_few_shot;2026-02-16T18:42:35.850107;3;3;0;True;hybrid;5,0;0,7;0,3;groq:llama-3.1-8b-instant;999,1003672281901;149,02208631225702;790,4150485992432;1128,922462463379;1077,9635906219482;5,0;0,0;5,0;5,0;5,0;1865,6666666666667;197,44422559857813;1590,0;2042,0;1965,0;0,5724411805470785;0,03325150785815651;0,5477653741836548;0,6194463968276978;0,5501117706298828;0,5498238801956177;0,10780541255082639;0,3999783992767334;0,6490932703018188;0,6003999710083008;0,5514616966247559;0,04694039722431267;0,48608821630477905;0,5941400527954102;0,5741568207740784;0,83166406463261;0,06419836738663266;0,7418612514941448;0,8881299265274086;0,8650010158762768;0,8680555555555555;0,1446712962222199;0,6666666666666666;1,0;0,9375;0,5777777777318519;0,32810717908188164;0,19999999998;0,9999999999;0,5333333333155555;0,2222222222222222;0,15713484026367722;0,0;0,3333333333333333;0,3333333333333333;True
model_comparison_groq_k5_hybrid_70_30_few_shot_20260216_232942.json;model_comparison_groq_k5_hybrid_70_30_few_shot;2026-02-16T23:29:42.249536;29;29;0;True;hybrid;5,0;0,7;0,3;groq:llama-3.1-8b-instant;1166,6003260119207;202,67195424125563;837,2664451599121;1666,2204265594482;1146,242618560791;5,0;0,0;5,0;5,0;5,0;2064,7586206896553;188,11930461946562;1656,0;2421,0;2018,0;0,6028633703445566;0,05980439148278761;0,48282477259635925;0,714966356754303;0,6046973466873169;0,5949507756479855;0,08901435172639025;0,3731269836425781;0,7430342435836792;0,6183750033378601;0,5941194470586448;0,05949259912837868;0,45546460151672363;0,7244603037834167;0,5923963785171509;0,3739815111736601;0,4156269567159127;0,0;0,8975254578274043;0,0;0,5334576069484931;0,31266417605860347;0,0;1,0;0,5833333333333334;0,6333333332975909;0,38727360211381806;0,0;0,9999999999666667;0,699999999965;0,34735905856595517;0,3850687039347184;0,0;1,0;0,16666666666666666;True
model_comparison_groq_llama_3.1_8b.json;model_comparison_groq_llama_3.1_8b;2026-02-16T15:01:40.874163;1;1;0;True;dense;3,0;;;groq:llama-3.1-8b-instant;976,9182205200195;0,0;976,9182205200195;976,9182205200195;976,9182205200195;1,0;0,0;1,0;1,0;1,0;708,0;0,0;708,0;708,0;708,0;0,6162558197975159;0,0;0,6162558197975159;0,6162558197975159;0,6162558197975159;0,6447914838790894;0,0;0,6447914838790894;0,6447914838790894;0,6447914838790894;0,6302007436752319;0,0;0,6302007436752319;0,6302007436752319;0,6302007436752319;0,8718914762197659;0,0;0,8718914762197659;0,8718914762197659;0,8718914762197659;0,9;0,0;0,9;0,9;0,9;0,9999999999;0,0;0,9999999999;0,9999999999;0,9999999999;0,3333333333333333;0,0;0,3333333333333333;0,3333333333333333;0,3333333333333333;
model_comparison_groq_llama_3.1_8b_baseline.json;model_comparison_groq_llama_3.1_8b_baseline;2026-02-16T15:44:15.389443;1;1;0;False;;;;;groq:llama-3.1-8b-instant;701,258659362793;0,0;701,258659362793;701,258659362793;701,258659362793;0,0;0,0;0,0;0,0;0,0;347,0;0,0;347,0;347,0;347,0;0,5300256013870239;0,0;0,5300256013870239;0,5300256013870239;0,5300256013870239;0,6005197763442993;0,0;0,6005197763442993;0,6005197763442993;0,6005197763442993;0,5630748867988586;0,0;0,5630748867988586;0,5630748867988586;0,5630748867988586;;;;;;;;;;;;;;;;;;;;;False
model_comparison_groq_llama_3.1_8b_baseline_20260216_182048.json;model_comparison_groq_llama_3.1_8b_baseline;2026-02-16T18:20:48.540576;3;3;0;False;;;;;groq:llama-3.1-8b-instant;617,9261207580566;10,945700238082333;605,4205894470215;632,0796012878418;616,2781715393066;0,0;0,0;0,0;0,0;0,0;315,6666666666667;20,23747898221405;289,0;338,0;320,0;0,5449018279711405;0,008616044720983549;0,5327497720718384;0,5517524480819702;0,550203263759613;0,5832259257634481;0,021338605358433918;0,5530620813369751;0,599089503288269;0,5975261926651001;0,5631194114685059;0,00931627525998695;0,5516290068626404;0,5744473934173584;0,5632818341255188;;;;;;;;;;;;;;;;;;;;;False
model_comparison_groq_llama_3.1_8b_baseline_20260216_192551.json;model_comparison_groq_llama_3.1_8b_baseline;2026-02-16T19:25:51.562624;29;29;0;False;;;;;groq:llama-3.1-8b-instant;888,4263614128375;164,66265088883702;589,9920463562012;1267,62056350708;853,5089492797852;0,0;0,0;0,0;0,0;0,0;540,551724137931;112,42272018710777;322,0;719,0;555,0;0,549497205635597;0,07609111879375495;0,36982303857803345;0,7184783220291138;0,5648354887962341;0,6104377980889946;0,038595964279578183;0,5569806098937988;0,7606632113456726;0,6029444336891174;0,574810753608572;0,04534403331441963;0,4547908902168274;0,6656840443611145;0,5799545645713806;;;;;;;;;;;;;;;;;;;;;False
model_comparison_tinyllama.json;model_comparison_tinyllama;2026-02-16T14:15:56.454411;1;1;0;True;dense;3,0;;;local:tinyllama;236604,1955947876;0,0;236604,1955947876;236604,1955947876;236604,1955947876;1,0;0,0;1,0;1,0;1,0;1028,0;0,0;1028,0;1028,0;1028,0;0,5608153939247131;0,0;0,5608153939247131;0,5608153939247131;0,5608153939247131;0,6488778591156006;0,0;0,6488778591156006;0,6488778591156006;0,6488778591156006;0,6016412973403931;0,0;0,6016412973403931;0,6016412973403931;0,6016412973403931;0,83974521983688;0,0;0,83974521983688;0,83974521983688;0,83974521983688;0,34615384615384615;0,0;0,34615384615384615;0,34615384615384615;0,34615384615384615;0,9999999999;0,0;0,9999999999;0,9999999999;0,9999999999;0,3333333333333333;0,0;0,3333333333333333;0,3333333333333333;0,3333333333333333;
model_comparison_tinyllama_few_shot.json;model_comparison_tinyllama_few_shot;2026-02-16T15:00:40.662683;1;1;0;True;dense;3,0;;;local:tinyllama;376441,32709503174;0,0;376441,32709503174;376441,32709503174;376441,32709503174;1,0;0,0;1,0;1,0;1,0;1880,0;0,0;1880,0;1880,0;1880,0;0,5403144955635071;0,0;0,5403144955635071;0,5403144955635071;0,5403144955635071;0,6187316179275513;0,0;0,6187316179275513;0,6187316179275513;0,6187316179275513;0,576870322227478;0,0;0,576870322227478;0,576870322227478;0,576870322227478;0,8973625142032539;0,0;0,8973625142032539;0,8973625142032539;0,8973625142032539;0,05;0,0;0,05;0,05;0,05;0,9999999999;0,0;0,9999999999;0,9999999999;0,9999999999;0,3333333333333333;0,0;0,3333333333333333;0,3333333333333333;0,3333333333333333;True
rag_vs_no_rag_no_rag_baseline.json;rag_vs_no_rag_no_rag_baseline;2026-02-16T01:19:20.884057;30;30;0;False;;;;;gemini-2.5-flash;9089,538145065308;1100,2265787930994;6312,5879764556885;10608,67953300476;9391,772031784058;0,0;0,0;0,0;0,0;0,0;488,6;176,66457860401258;81,0;869,0;516,0;0,5202163288990657;0,08013618342002016;0,3104362487792969;0,6844119429588318;0,5274945795536041;0,6159903546174367;0,031128510330535136;0,5261549353599548;0,6704583764076233;0,6195351779460907;0,5604110062122345;0,05294498457095275;0,4029703736305237;0,6773633360862732;0,5655693411827087;;;;;;;;;;;;;;;;;;;;;
rag_vs_no_rag_rag_dense.json;rag_vs_no_rag_rag_dense;2026-02-16T02:00:02.916019;30;30;0;True;dense;5,0;;;gemini-2.5-flash;7309,302107493083;2680,446763810821;2447,464942932129;10806,315422058105;8550,376057624817;3,7;1,6155494421403513;0,0;5,0;5,0;211,13333333333333;174,28362580065354;58,0;704,0;134,0;0,575946107506752;0,08315455254572773;0,3175986111164093;0,7136054039001465;0,5822258591651917;0,5918398429950078;0,051446341739861096;0,438595175743103;0,6620986461639404;0,5977810025215149;0,5791741957267126;0,05317662922547781;0,4091791808605194;0,648390531539917;0,597525030374527;0,48558000083449654;0,4089807363907431;0,0;0,8781790036430598;0,7702344089135567;0,7901164125662364;0,21511965120599588;0,125;1,0;0,8;0,6486590037889479;0,3963720510035366;0,0;0,9999999999666667;0,8333333332916666;0,3333333333333333;0,3896407619482945;0,0;1,0;0,16666666666666666;
rag_vs_no_rag_rag_hybrid.json;rag_vs_no_rag_rag_hybrid;2026-02-16T02:47:19.003366;30;30;0;True;hybrid;5,0;0,7;0,3;gemini-2.5-flash;7326,201470692952;2444,342357768419;2725,093126296997;10902,576684951782;7952,202200889587;5,0;0,0;5,0;5,0;5,0;247,36666666666667;188,72386942008396;56,0;721,0;164,0;0,5719444731871287;0,0876610035260634;0,3240720331668854;0,7154857516288757;0,5859459936618805;0,5958731869856516;0,05404146527324571;0,4673646092414856;0,6971811056137085;0,6024073958396912;0,5773016472657522;0,04826500521151511;0,41643911600112915;0,6448003053665161;0,5810021162033081;0,4240436115079943;0,4246559354756554;0,0;0,9181646938369147;0,3981789136270994;0,7192140163209956;0,2315161626758593;0,2;1,0;0,775;0,5668518518173224;0,4142236610873741;0,0;0,9999999999666667;0,586111111091574;0,29212962962962963;0,3466195386808656;0,0;1,0;0,14583333333333331;
retrieval_strategy_bm25_only.json;retrieval_strategy_bm25_only;2026-02-16T12:24:51.123766;1;1;0;True;bm25;5,0;;;gemini-2.5-flash;3721,8551635742188;0,0;3721,8551635742188;3721,8551635742188;3721,8551635742188;5,0;0,0;5,0;5,0;5,0;178,0;0,0;178,0;178,0;178,0;0,6108141541481018;0,0;0,6108141541481018;0,6108141541481018;0,6108141541481018;0,6323230266571045;0,0;0,6323230266571045;0,6323230266571045;0,6323230266571045;0,6213825941085815;0,0;0,6213825941085815;0,6213825941085815;0,6213825941085815;0,9020902564961016;0,0;0,9020902564961016;0,9020902564961016;0,9020902564961016;0,875;0,0;0,875;0,875;0,875;0,9999999999;0,0;0,9999999999;0,9999999999;0,9999999999;0,0;0,0;0,0;0,0;0,0;
retrieval_strategy_dense_only.json;retrieval_strategy_dense_only;2026-02-16T12:23:56.270225;1;1;0;True;dense;5,0;;;gemini-2.5-flash;2799,7255325317383;0,0;2799,7255325317383;2799,7255325317383;2799,7255325317383;1,0;0,0;1,0;1,0;1,0;170,0;0,0;170,0;170,0;170,0;0,5902916789054871;0,0;0,5902916789054871;0,5902916789054871;0,5902916789054871;0,6354671120643616;0,0;0,6354671120643616;0,6354671120643616;0,6354671120643616;0,6120469570159912;0,0;0,6120469570159912;0,6120469570159912;0,6120469570159912;0,8695657256270275;0,0;0,8695657256270275;0,8695657256270275;0,8695657256270275;0,7;0,0;0,7;0,7;0,7;0,9999999999;0,0;0,9999999999;0,9999999999;0,9999999999;0,3333333333333333;0,0;0,3333333333333333;0,3333333333333333;0,3333333333333333;
retrieval_strategy_hybrid_50_50.json;retrieval_strategy_hybrid_50_50;2026-02-16T12:26:58.949162;1;1;0;True;hybrid;5,0;0,5;0,5;gemini-2.5-flash;3448,0345249176025;0,0;3448,0345249176025;3448,0345249176025;3448,0345249176025;5,0;0,0;5,0;5,0;5,0;214,0;0,0;214,0;214,0;214,0;0,5760850310325623;0,0;0,5760850310325623;0,5760850310325623;0,5760850310325623;0,609529435634613;0,0;0,609529435634613;0,609529435634613;0,609529435634613;0,5923355221748352;0,0;0,5923355221748352;0,5923355221748352;0,5923355221748352;0,8521940196995654;0,0;0,8521940196995654;0,8521940196995654;0,8521940196995654;1,0;0,0;1,0;1,0;1,0;0,9999999999;0,0;0,9999999999;0,9999999999;0,9999999999;0,3333333333333333;0,0;0,3333333333333333;0,3333333333333333;0,3333333333333333;
retrieval_strategy_hybrid_70_30.json;retrieval_strategy_hybrid_70_30;2026-02-16T12:25:55.664348;1;1;0;True;hybrid;5,0;0,7;0,3;gemini-2.5-flash;4834,139823913574;0,0;4834,139823913574;4834,139823913574;4834,139823913574;5,0;0,0;5,0;5,0;5,0;252,0;0,0;252,0;252,0;252,0;0,5909951329231262;0,0;0,5909951329231262;0,5909951329231262;0,5909951329231262;0,6375589370727539;0,0;0,6375589370727539;0,6375589370727539;0,6375589370727539;0,6133946180343628;0,0;0,6133946180343628;0,6133946180343628;0,6133946180343628;0,8390397134723709;0,0;0,8390397134723709;0,8390397134723709;0,8390397134723709;1,0;0,0;1,0;1,0;1,0;0,9999999999;0,0;0,9999999999;0,9999999999;0,9999999999;0,0;0,0;0,0;0,0;0,0;
